productId,cansimId,cubeTitleEn,cubeTitleFr,cubeStartDate,cubeEndDate,nbSeriesCube,nbDatapointsCube,archiveStatusCode,archiveStatusEn,archiveStatusFr,subjectCode,surveyCode,dimension,releaseTime
37-10-0235,NULL,"Postsecondary graduates, by detailed field of study, institution, and program and student characteristics","Diplômés postsecondaires, selon le domaine d'études détaillé, l’établissement, et les caractéristiques du programme et de l’étudiant",2009-01-01,2021-01-01,2445775,18777635,2,CURRENT - a cube available to the public and that is current,ACTIF - un cube qui est disponible au public et qui est toujours mise a jour,371503371504,5017,"1,Geography and institutions,Géographie et les institutions,FALSE,1,Canada,Canada,11124,1,0,2021,0,2,1,Newfoundland and Labrador,Terre-Neuve-et-Labrador,10,1,2,2021,0,3,2,Memorial University of Newfoundland, Newfoundland and Labrador,Memorial University of Newfoundland, Terre-Neuve-et-Labrador,0,4,2,College of the North Atlantic, Newfoundland and Labrador,College of the North Atlantic, Terre-Neuve-et-Labrador,0,5,1,Prince Edward Island,Île-du-Prince-Édouard,11,1,2,2021,0,6,5,University of Prince Edward Island, Prince Edward Island,University of Prince Edward Island, Île-du-Prince-Édouard,0,7,5,Holland College, Prince Edward Island,Holland College, Île-du-Prince-Édouard,0,8,5,Collège de l'Île, Prince Edward Island,Collège de l'Île, Île-du-Prince-Édouard,0,9,1,Nova Scotia,Nouvelle-Écosse,12,1,2,2021,0,10,9,Acadia University, Nova Scotia,Acadia University, Nouvelle-Écosse,0,11,9,Atlantic School of Theology, Nova Scotia,Atlantic School of Theology, Nouvelle-Écosse,0,12,9,Cape Breton University, Nova Scotia,Cape Breton University, Nouvelle-Écosse,0,13,9,Dalhousie University, Nova Scotia,Dalhousie University, Nouvelle-Écosse,0,14,9,University of King's College, Nova Scotia,University of King's College, Nouvelle-Écosse,0,15,9,Mount Saint Vincent University, Nova Scotia,Mount Saint Vincent University, Nouvelle-Écosse,0,16,9,Nova Scotia Agricultural College, Nova Scotia,Nova Scotia Agricultural College, Nouvelle-Écosse,0,17,9,NSCAD University, Nova Scotia,NSCAD University, Nouvelle-Écosse,0,18,9,Université Sainte-Anne, Nova Scotia,Université Sainte-Anne, Nouvelle-Écosse,0,19,9,St. Francis Xavier University, Nova Scotia,St. Francis Xavier University, Nouvelle-Écosse,0,20,9,Saint Mary's University, Nova Scotia,Saint Mary's University, Nouvelle-Écosse,0,21,9,Nova Scotia Community College (NSCC), Nova Scotia,Nova Scotia Community College (NSCC), Nouvelle-Écosse,0,22,1,New Brunswick,Nouveau-Brunswick,13,1,2,2021,0,23,22,Mount Allison University, New Brunswick,Mount Allison University, Nouveau-Brunswick,0,24,22,University of New Brunswick, New Brunswick,University of New Brunswick, Nouveau-Brunswick,0,25,22,Université de Moncton, New Brunswick,Université de Moncton, Nouveau-Brunswick,0,26,22,St. Thomas University, New Brunswick,St. Thomas University, Nouveau-Brunswick,0,27,22,Maritime College of Forest Technology, New Brunswick,Maritime College of Forest Technology, Nouveau-Brunswick,0,28,22,New Brunswick Community College, New Brunswick,New Brunswick Community College, Nouveau-Brunswick,0,29,22,Collège Communautaire du Nouveau-Brunswick, New Brunswick,Collège Communautaire du Nouveau-Brunswick, Nouveau-Brunswick,0,30,22,New Brunswick College of Craft and Design, New Brunswick,New Brunswick College of Craft and Design, Nouveau-Brunswick,0,31,1,Quebec,Québec,24,1,2,2021,0,32,31,Bishop's University, Quebec,Bishop's University, Québec,0,33,31,McGill University, Quebec,McGill University, Québec,0,34,31,Université de Montréal, Quebec,Université de Montréal, Québec,0,35,31,Université Laval, Quebec,Université Laval, Québec,0,36,31,Université de Sherbrooke, Quebec,Université de Sherbrooke, Québec,0,37,31,Concordia University, Quebec,Concordia University, Québec,0,38,31,Université du Québec à Chicoutimi, Quebec,Université du Québec à Chicoutimi, Québec,0,39,31,Université du Québec à Montréal, Quebec,Université du Québec à Montréal, Québec,0,40,31,Université du Québec en Abitibi-Témiscamingue, Quebec,Université du Québec en Abitibi-Témiscamingue, Québec,0,41,31,Université du Québec à Trois-Rivières, Quebec,Université du Québec à Trois-Rivières, Québec,0,42,31,Université du Québec en Outaouais, Quebec,Université du Québec en Outaouais, Québec,0,43,31,École nationale d'administration publique, Quebec,École nationale d'administration publique, Québec,0,44,31,Institut national de la recherche scientifique, Quebec,Institut national de la recherche scientifique, Québec,0,45,31,Université du Québec à Rimouski, Quebec,Université du Québec à Rimouski, Québec,0,46,31,École de technologie supérieure, Quebec,École de technologie supérieure, Québec,0,47,31,Télé-université, Quebec,Télé-université, Québec,0,48,31,CÉGEP d'Abitibi-Témiscamingue, Quebec,CÉGEP d'Abitibi-Témiscamingue, Québec,0,49,31,CÉGEP d'Ahuntsic, Quebec,CÉGEP d'Ahuntsic, Québec,0,50,31,CÉGEP André-Laurendeau, Quebec,CÉGEP André-Laurendeau, Québec,0,51,31,CÉGEP de Bois-de-Boulogne, Quebec,CÉGEP de Bois-de-Boulogne, Québec,0,52,31,CÉGEP de Chicoutimi, Quebec,CÉGEP de Chicoutimi, Québec,0,53,31,Collège Dawson, Quebec,Collège Dawson, Québec,0,54,31,CÉGEP de Drummondville, Quebec,CÉGEP de Drummondville, Québec,0,55,31,CÉGEP Édouard-Montpetit, Quebec,CÉGEP Édouard-Montpetit, Québec,0,56,31,CÉGEP François-Xavier Garneau, Quebec,CÉGEP François-Xavier Garneau, Québec,0,57,31,CÉGEP de la Gaspésie et des Îles, Quebec,CÉGEP de la Gaspésie et des Îles, Québec,0,58,31,CÉGEP de Granby-Haute-Yamaska, Quebec,CÉGEP de Granby-Haute-Yamaska, Québec,0,59,31,CÉGEP de Baie-Comeau, Quebec,CÉGEP de Baie-Comeau, Québec,0,60,31,CÉGEP John Abbott College, Quebec,CÉGEP John Abbott College, Québec,0,61,31,CÉGEP régional de Lanaudière à Joliette, Quebec,CÉGEP régional de Lanaudière à Joliette, Québec,0,62,31,CÉGEP de Jonquière, Quebec,CÉGEP de Jonquière, Québec,0,63,31,CÉGEP de La Pocatière, Quebec,CÉGEP de La Pocatière, Québec,0,64,31,Champlain Regional College - St. Lambert Campus, Quebec,Champlain Regional College - St. Lambert Campus, Québec,0,65,31,CÉGEP de Lévis-Lauzon, Quebec,CÉGEP de Lévis-Lauzon, Québec,0,66,31,CÉGEP de Limoilou, Quebec,CÉGEP de Limoilou, Québec,0,67,31,CÉGEP Lionel-Groulx, Quebec,CÉGEP Lionel-Groulx, Québec,0,68,31,CÉGEP de Maisonneuve, Quebec,CÉGEP de Maisonneuve, Québec,0,69,31,CÉGEP de Matane, Quebec,CÉGEP de Matane, Québec,0,70,31,CÉGEP Montmorency, Quebec,CÉGEP Montmorency, Québec,0,71,31,CÉGEP de l'Outaouais, Quebec,CÉGEP de l'Outaouais, Québec,0,72,31,CÉGEP de Thetford, Quebec,CÉGEP de Thetford, Québec,0,73,31,CÉGEP de Rimouski, Quebec,CÉGEP de Rimouski, Québec,0,74,31,CÉGEP de Rivière-du-Loup, Quebec,CÉGEP de Rivière-du-Loup, Québec,0,75,31,CÉGEP de Rosemont, Quebec,CÉGEP de Rosemont, Québec,0,76,31,CÉGEP de Sainte-Foy, Quebec,CÉGEP de Sainte-Foy, Québec,0,77,31,CÉGEP de Saint-Félicien, Quebec,CÉGEP de Saint-Félicien, Québec,0,78,31,CÉGEP de Saint-Hyacinthe, Quebec,CÉGEP de Saint-Hyacinthe, Québec,0,79,31,CÉGEP Saint-Jean-sur-Richelieu, Quebec,CÉGEP Saint-Jean-sur-Richelieu, Québec,0,80,31,CÉGEP de Saint-Jérôme, Quebec,CÉGEP de Saint-Jérôme, Québec,0,81,31,CÉGEP de Saint-Laurent, Quebec,CÉGEP de Saint-Laurent, Québec,0,82,31,CÉGEP de Sept-Îles, Quebec,CÉGEP de Sept-Îles, Québec,0,83,31,CÉGEP de Shawinigan, Quebec,CÉGEP de Shawinigan, Québec,0,84,31,CÉGEP de Sherbrooke, Quebec,CÉGEP de Sherbrooke, Québec,0,85,31,CÉGEP de Sorel-Tracy, Quebec,CÉGEP de Sorel-Tracy, Québec,0,86,31,CÉGEP de Trois-Rivières, Quebec,CÉGEP de Trois-Rivières, Québec,0,87,31,CÉGEP de Valleyfield, Quebec,CÉGEP de Valleyfield, Québec,0,88,31,Collège Vanier / Vanier College, Quebec,Collège Vanier / Vanier College, Québec,0,89,31,CÉGEP de Victoriaville, Quebec,CÉGEP de Victoriaville, Québec,0,90,31,CÉGEP du Vieux Montréal, Quebec,CÉGEP du Vieux Montréal, Québec,0,91,31,CÉGEP Beauce-Appalaches, Quebec,CÉGEP Beauce-Appalaches, Québec,0,92,31,Collège Heritage / Heritage College, Quebec,Collège Heritage / Heritage College, Québec,0,93,31,CÉGEP Marie-Victorin, Quebec,CÉGEP Marie-Victorin, Québec,0,94,31,Collège international des Marcellines, Quebec,Collège international des Marcellines, Québec,0,95,31,Collège Centennal / Centennial College, Quebec,Collège Centennal / Centennial College, Québec,0,96,31,Collège Ellis, campus de Drummondville, Quebec,Collège Ellis, campus de Drummondville, Québec,0,97,31,Collège André-Grasset, Quebec,Collège André-Grasset, Québec,0,98,31,Collège Bart, Quebec,Collège Bart, Québec,0,99,31,Conservatoire Lassalle, Quebec,Conservatoire Lassalle, Québec,0,100,31,École de Musique Vincent d'Indy, Quebec,École de Musique Vincent d'Indy, Québec,0,101,31,Institut Teccart inc., Quebec,Institut Teccart inc., Québec,0,102,31,Collège Jean-de-Brébeuf, Quebec,Collège Jean-de-Brébeuf, Québec,0,103,31,Collège Laflèche, Quebec,Collège Laflèche, Québec,0,104,31,Collège LaSalle, Quebec,Collège LaSalle, Québec,0,105,31,Marianopolis College, Quebec,Marianopolis College, Québec,0,106,31,Collège Mérici, Quebec,Collège Mérici, Québec,0,107,31,Campus Notre-Dame-de-Foy, Quebec,Campus Notre-Dame-de-Foy, Québec,0,108,31,Collège O'Sullivan de Québec inc, Quebec,Collège O'Sullivan de Québec inc, Québec,0,109,31,Collège Nouvelles Frontières, Quebec,Collège Nouvelles Frontières, Québec,0,110,31,Séminaire de Sherbrooke, Quebec,Séminaire de Sherbrooke, Québec,0,111,31,Collège Universel - Campus Gatineau, Quebec,Collège Universel - Campus Gatineau, Québec,0,112,31,Collège international Marie de France, Quebec,Collège international Marie de France, Québec,0,113,31,Collège Stanislas inc., Quebec,Collège Stanislas inc., Québec,0,114,31,Institut de tourisme et d'hôtellerie du Québec, Quebec,Institut de tourisme et d'hôtellerie du Québec, Québec,0,115,31,Collège Ellis, campus de Trois-Rivières, Quebec,Collège Ellis, campus de Trois-Rivières, Québec,0,116,31,Collège O'Sullivan de Montréal inc, Quebec,Collège O'Sullivan de Montréal inc, Québec,0,117,31,Collège d'Alma, Quebec,Collège d'Alma, Québec,0,118,31,CÉGEP Gérald-Godin, Quebec,CÉGEP Gérald-Godin, Québec,0,119,31,École nationale de Cirque, Quebec,École nationale de Cirque, Québec,0,120,31,CÉGEP régional de Lanaudière à L'Assomption, Quebec,CÉGEP régional de Lanaudière à L'Assomption, Québec,0,121,31,École de sténographie judiciaire du Québec, Quebec,École de sténographie judiciaire du Québec, Québec,0,122,31,CÉGEP régional de Lanaudière à Terrebonne, Quebec,CÉGEP régional de Lanaudière à Terrebonne, Québec,0,123,31,Collège TAV, Quebec,Collège TAV, Québec,0,124,31,Collégial international Sainte-Anne, Quebec,Collégial international Sainte-Anne, Québec,0,125,1,Ontario,Ontario,35,1,2,2021,0,126,125,Brock University, Ontario,Brock University, Ontario,0,127,125,Carleton University, Ontario,Carleton University, Ontario,0,128,125,Collège dominicain de philosophie et de théologie, Ontario,Collège dominicain de philosophie et de théologie, Ontario,0,129,125,University of Guelph, Ontario,University of Guelph, Ontario,0,130,125,Lakehead University, Ontario,Lakehead University, Ontario,0,131,125,Laurentian University, Ontario,Laurentian University, Ontario,0,132,125,McMaster University, Ontario,McMaster University, Ontario,0,133,125,Nipissing University, Ontario,Nipissing University, Ontario,0,134,125,University of Ottawa-Université d'Ottawa, Ontario,University of Ottawa-Université d'Ottawa, Ontario,0,135,125,Queen's University, Ontario,Queen's University, Ontario,0,136,125,Ryerson University, Ontario,Ryerson University, Ontario,0,137,125,University of Toronto, Ontario,University of Toronto, Ontario,0,138,125,Trent University, Ontario,Trent University, Ontario,0,139,125,University of Waterloo, Ontario,University of Waterloo, Ontario,0,140,125,Western University, Ontario,Western University, Ontario,0,141,125,Wilfrid Laurier University, Ontario,Wilfrid Laurier University, Ontario,0,142,125,University of Windsor, Ontario,University of Windsor, Ontario,0,143,125,York University, Ontario,York University, Ontario,0,144,125,OCAD University, Ontario,OCAD University, Ontario,0,145,125,Ontario Tech University, Ontario,Ontario Tech University, Ontario,0,146,125,Algoma University, Ontario,Algoma University, Ontario,0,260,125,Université de l'Ontario français, Ontario,Université de l'Ontario français, Ontario,0,261,125,Université de Hearst, Ontario,Université de Hearst, Ontario,0,147,125,Collège Boréal d'art appliqués et de technologie, Ontario,Collège Boréal d'art appliqués et de technologie, Ontario,0,148,125,La Cité collégiale d'arts appliqués et de technologie, Ontario,La Cité collégiale d'arts appliqués et de technologie, Ontario,0,149,125,Algonquin College of Applied Arts and Technology, Ontario,Algonquin College of Applied Arts and Technology, Ontario,0,150,125,Cambrian College, Ontario,Cambrian College, Ontario,0,151,125,Centennial College of Applied Arts and Technology, Ontario,Centennial College of Applied Arts and Technology, Ontario,0,152,125,Conestoga College Institute of Technology and Advanced Learning, Ontario,Conestoga College Institute of Technology and Advanced Learning, Ontario,0,153,125,Confederation College of Applied Arts and Technology, Ontario,Confederation College of Applied Arts and Technology, Ontario,0,154,125,Durham College of Applied Arts and Technology, Ontario,Durham College of Applied Arts and Technology, Ontario,0,155,125,Fanshawe College of Applied Arts and Technology, Ontario,Fanshawe College of Applied Arts and Technology, Ontario,0,156,125,George Brown College of Applied Arts and Technology, Ontario,George Brown College of Applied Arts and Technology, Ontario,0,157,125,Georgian College of Applied Arts and Technology, Ontario,Georgian College of Applied Arts and Technology, Ontario,0,158,125,Loyalist College of Applied Arts and Technology, Ontario,Loyalist College of Applied Arts and Technology, Ontario,0,159,125,Mohawk College of Applied Arts and Technology, Ontario,Mohawk College of Applied Arts and Technology, Ontario,0,160,125,Niagara College Canada, Ontario,Niagara College Canada, Ontario,0,161,125,Lambton College of Applied Arts and Technology, Ontario,Lambton College of Applied Arts and Technology, Ontario,0,162,125,Humber College of Applied Arts and Technology North Campus, Ontario,Humber College of Applied Arts and Technology North Campus, Ontario,0,163,125,Northern College of Applied Arts and Technology, Ontario,Northern College of Applied Arts and Technology, Ontario,0,164,125,St. Clair College of Applied Arts and Technology, Ontario,St. Clair College of Applied Arts and Technology, Ontario,0,165,125,St. Lawrence College of Applied Arts and Technology, Ontario,St. Lawrence College of Applied Arts and Technology, Ontario,0,166,125,Sault College of Applied Arts and Technology, Ontario,Sault College of Applied Arts and Technology, Ontario,0,167,125,Seneca College of Applied Arts and Technology, Ontario,Seneca College of Applied Arts and Technology, Ontario,0,168,125,Sheridan College Institute of Technology, Ontario,Sheridan College Institute of Technology, Ontario,0,169,125,Fleming College of Applied Arts and Technology, Ontario,Fleming College of Applied Arts and Technology, Ontario,0,170,125,Canadore College of Applied Arts and Technology, Ontario,Canadore College of Applied Arts and Technology, Ontario,0,171,125,Northern Ontario School of Medicine, Ontario,Northern Ontario School of Medicine, Ontario,0,172,125,Kemptville College of Agricultural Technology, Ontario,Kemptville College of Agricultural Technology, Ontario,0,173,125,Ridgetown College, Ontario,Ridgetown College, Ontario,0,174,125,Collège d'Alfred, Ontario,Collège d'Alfred, Ontario,0,175,1,Manitoba,Manitoba,46,1,2,2021,0,176,175,Brandon University, Manitoba,Brandon University, Manitoba,0,177,175,Canadian Mennonite University, Manitoba,Canadian Mennonite University, Manitoba,0,178,175,Booth University College, Manitoba,Booth University College, Manitoba,0,179,175,University of Manitoba, Manitoba,University of Manitoba, Manitoba,0,180,175,University of Winnipeg, Manitoba,University of Winnipeg, Manitoba,0,181,175,Providence University College and Theological Seminary, Manitoba,Providence University College and Theological Seminary, Manitoba,0,182,175,Steinbach Bible College, Manitoba,Steinbach Bible College, Manitoba,0,183,175,Assiniboine Community College, Manitoba,Assiniboine Community College, Manitoba,0,184,175,Red River College, Manitoba,Red River College, Manitoba,0,185,175,University College of the North, Manitoba,University College of the North, Manitoba,0,186,175,Manitoba Institute of Trades and Technology, Manitoba,Manitoba Institute of Trades and Technology, Manitoba,0,187,175,L'École Technique et Professionnelle, Manitoba,L'École Technique et Professionnelle, Manitoba,0,188,1,Saskatchewan,Saskatchewan,47,1,2,2021,0,189,188,University of Regina, Saskatchewan,University of Regina, Saskatchewan,0,190,188,University of Saskatchewan, Saskatchewan,University of Saskatchewan, Saskatchewan,0,191,188,Saskatchewan Polytechnic, Saskatchewan,Saskatchewan Polytechnic, Saskatchewan,0,192,188,Carlton Trail Regional College, Saskatchewan,Carlton Trail Regional College, Saskatchewan,0,193,188,Cumberland Regional College, Saskatchewan,Cumberland Regional College, Saskatchewan,0,194,188,North West Regional College, Saskatchewan,North West Regional College, Saskatchewan,0,195,188,Parkland Regional College, Saskatchewan,Parkland Regional College, Saskatchewan,0,196,188,Southeast Regional College, Saskatchewan,Southeast Regional College, Saskatchewan,0,197,188,Northlands College, Saskatchewan,Northlands College, Saskatchewan,0,198,188,Great Plains College, Saskatchewan,Great Plains College, Saskatchewan,0,199,1,Alberta,Alberta,48,1,2,2021,0,200,199,University of Alberta, Alberta,University of Alberta, Alberta,0,201,199,Athabasca University, Alberta,Athabasca University, Alberta,0,202,199,University of Calgary, Alberta,University of Calgary, Alberta,0,203,199,Burman University, Alberta,Burman University, Alberta,0,204,199,Concordia University of Edmonton, Alberta,Concordia University of Edmonton, Alberta,0,205,199,University of Lethbridge, Alberta,University of Lethbridge, Alberta,0,206,199,The King's University, Alberta,The King's University, Alberta,0,207,199,St. Mary's University, Alberta,St. Mary's University, Alberta,0,208,199,Ambrose University, Alberta,Ambrose University, Alberta,0,209,199,Grant MacEwan University, Alberta,Grant MacEwan University, Alberta,0,210,199,Mount Royal University, Alberta,Mount Royal University, Alberta,0,211,199,Alberta University of the Arts, Alberta,Alberta University of the Arts, Alberta,0,212,199,Alberta College of Art and Design, Alberta,Alberta College of Art and Design, Alberta,0,213,199,Bow Valley College, Alberta,Bow Valley College, Alberta,0,214,199,Olds College, Alberta,Olds College, Alberta,0,215,199,Lakeland College, Alberta,Lakeland College, Alberta,0,216,199,Grande Prairie Regional College, Alberta,Grande Prairie Regional College, Alberta,0,217,199,Lethbridge College, Alberta,Lethbridge College, Alberta,0,218,199,Medicine Hat College, Alberta,Medicine Hat College, Alberta,0,219,199,Keyano College, Alberta,Keyano College, Alberta,0,220,199,Red Deer Polytechnic, Alberta,Red Deer Polytechnic, Alberta,0,221,199,Northern Alberta Institute of Technology, Alberta,Northern Alberta Institute of Technology, Alberta,0,222,199,Southern Alberta Institute of Technology, Alberta,Southern Alberta Institute of Technology, Alberta,0,259,199,Taylor University College and Seminary, Alberta,Taylor University College and Seminary, Alberta,0,223,199,NorQuest College, Alberta,NorQuest College, Alberta,0,224,199,Northern Lakes College, Alberta,Northern Lakes College, Alberta,0,225,199,Portage College, Alberta,Portage College, Alberta,0,226,1,British Columbia,Colombie-Britannique,59,1,2,2021,0,227,226,University of British Columbia, British Columbia,University of British Columbia, Colombie-Britannique,0,228,226,University of Northern British Columbia, British Columbia,University of Northern British Columbia, Colombie-Britannique,0,229,226,Royal Roads University, British Columbia,Royal Roads University, Colombie-Britannique,0,230,226,Simon Fraser University, British Columbia,Simon Fraser University, Colombie-Britannique,0,231,226,University of Victoria, British Columbia,University of Victoria, Colombie-Britannique,0,232,226,Justice Institute of British Columbia, British Columbia,Justice Institute of British Columbia, Colombie-Britannique,0,233,226,British Columbia Institute of Technology, British Columbia,British Columbia Institute of Technology, Colombie-Britannique,0,234,226,College of New Caledonia, British Columbia,College of New Caledonia, Colombie-Britannique,0,235,226,Douglas College, British Columbia,Douglas College, Colombie-Britannique,0,236,226,Selkirk College, British Columbia,Selkirk College, Colombie-Britannique,0,237,226,Vancouver Community College, British Columbia,Vancouver Community College, Colombie-Britannique,0,238,226,Northern Lights College, British Columbia,Northern Lights College, Colombie-Britannique,0,239,226,Camosun College, British Columbia,Camosun College, Colombie-Britannique,0,240,226,North Island College, British Columbia,North Island College, Colombie-Britannique,0,241,226,Coast Mountain College, British Columbia,Coast Mountain College, Colombie-Britannique,0,242,226,College of the Rockies, British Columbia,College of the Rockies, Colombie-Britannique,0,243,226,Nicola Valley Institute of Technology, British Columbia,Nicola Valley Institute of Technology, Colombie-Britannique,0,244,226,Langara College, British Columbia,Langara College, Colombie-Britannique,0,245,226,Thompson Rivers University, British Columbia,Thompson Rivers University, Colombie-Britannique,0,246,226,Capilano University, British Columbia,Capilano University, Colombie-Britannique,0,247,226,Okanagan College, British Columbia,Okanagan College, Colombie-Britannique,0,248,226,Vancouver Island University, British Columbia,Vancouver Island University, Colombie-Britannique,0,249,226,Emily Carr University of Art and Design, British Columbia,Emily Carr University of Art and Design, Colombie-Britannique,0,250,226,Kwantlen Polytechnic University, British Columbia,Kwantlen Polytechnic University, Colombie-Britannique,0,251,226,University of the Fraser Valley, British Columbia,University of the Fraser Valley, Colombie-Britannique,0,252,1,Yukon,Yukon,60,1,1,2021,0,253,252,Yukon College, Yukon,Yukon College, Yukon,0,254,252,Yukon University, Yukon,Yukon University, Yukon,0,255,1,Northwest Territories,Territoires du nord-ouest,61,1,1,2021,0,256,255,Aurora College, Northwest Territories,Aurora College, Territoires du nord-ouest,0,257,1,Nunavut,Nunavut,62,1,1,2021,0,258,257,Nunavut Arctic College, Nunavut,Nunavut Arctic College, Nunavut,0,2,Field of study,Domaine d'études,FALSE,1,Total, field of study,Total, domaine d'études,0,2,1,Agriculture, agriculture operations and related sciences (except cannabis),Agriculture, exploitation agricole et sciences connexes (sauf cannabis),1.c,68,0,3,2,Agriculture, general,Agriculture (général),1.00,68,0,4,2,Agricultural business and management,Gestion et affaires agricoles,1.01,68,0,5,2,Agricultural mechanization,Mécanisation agricole,1.02,68,0,6,2,Agricultural production operations,Gestion et exploitation d'entreprise agricole,1.03,68,0,7,2,Agricultural and food products processing (except cannabis),Transformation des produits agricoles et des produits alimentaires (sauf cannabis),1.04c,68,0,8,2,Agricultural and domestic animal services,Services pour les animaux domestiques et de la ferme,1.05,68,0,9,2,Applied horticulture/horticultural business services (except cannabis),Exploitation et gestion de services d'horticulture (sauf cannabis),1.06c,68,0,10,2,International agriculture,Agriculture internationale,1.07,68,0,11,2,Agricultural public services,Services publics en matière d'agriculture,1.08,68,0,12,2,Animal sciences,Sciences animales,1.09,68,0,13,2,Food science and technology,Science et techniques alimentaires,1.10,68,0,14,2,Plant sciences (except cannabis),Phytologie (sauf cannabis),1.11c,68,0,15,2,Soil sciences,Science des sols,1.12,68,0,16,2,Agriculture, agriculture operations and related sciences, other,Agriculture, exploitation agricole et sciences connexes (autres),1.99,68,0,17,1,Natural resources and conservation,Ressources naturelles et conservation,3,68,0,18,17,Natural resources conservation and research,Conservation et recherche des ressources naturelles,3.01,68,0,19,17,Natural resources management and policy,Gestion et politique des ressources naturelles,3.02,68,0,20,17,Fishing and fisheries sciences and management,Sciences halieutiques et gestion des pêches,3.03,68,0,21,17,Forestry,Sciences forestières,3.05,68,0,22,17,Wildlife and wildlands science and management,Science et gestion de la faune sauvage, aquatique, et des terres en friche,3.06,68,0,23,17,Natural resources and conservation, other,Ressources naturelles et conservation (autres),3.99,68,0,24,1,Architecture and related services,Architecture et services connexes,4,68,0,25,24,Architecture (BArch, BA, BS, BSc, MArch, MA, MS, MSc, PhD),Architecture (B.Arch., B.A., B.S., B.Sc., M.Arch., M.A., M.S., M.Sc., Ph.D.),4.02,68,0,26,24,City/urban, community and regional planning,Planification urbaine, communautaire et régionale,4.03,68,0,27,24,Environmental design/architecture,Design de l'environnement/architecture,4.04,68,0,28,24,Interior architecture,Architecture d'intérieur,4.05,68,0,29,24,Landscape architecture (BS, BSc, BSLA, BLA, MSLA, MLA, PhD),Architecture de paysage (B.S., B.Sc., B.Sc.A.P., B.A.P., M.S.A.P., M.Sc.A.P., M.A.P., Ph.D.),4.06,68,0,30,24,Architectural history and criticism,Histoire de l'architecture et critique architecturale,4.08,68,0,31,24,Architectural sciences and technology,Sciences et technologie architecturales,4.09,68,0,32,24,Real estate development,Développement immobilier,4.10,68,0,33,24,Architecture and related services, other,Architecture et services connexes (autres),4.99,68,0,34,1,Area, ethnic, cultural, gender, and group studies,Études régionales, ethniques, culturelles, des sexes et des groupes,5,68,0,35,34,Area studies,Études régionales,5.01,68,0,36,34,Ethnic, cultural minority, gender, and group studies,Études ethniques, des minorités culturelles, des sexes et des groupes,5.02,68,0,37,34,Area, ethnic, cultural, gender, and group studies, other,Études régionales, ethniques, culturelles, des sexes et des groupes (autres),5.99,68,0,38,1,Communication, journalism and related programs,Communications, journalisme et programmes connexes,9,68,0,39,38,Communication and media studies,Étude de la communication et des médias,9.01,68,0,40,38,Journalism,Journalisme,9.04,68,0,41,38,Radio, television and digital communication,Radio, télévision et communication numérique,9.07,68,0,42,38,Public relations, advertising and applied communication,Relations publiques, publicité et communication appliquée,9.09,68,0,43,38,Publishing,Édition,9.10,68,0,44,38,Communication, journalism and related programs, other,Communications, journalisme et programmes connexes (autres),9.99,68,0,45,1,Communications technologies/technicians and support services,Technologie des communications/technicien en communications et services de soutien technique connexes,10,68,0,46,45,Communications technology/technician,Technologie des communications/technicien en communications,10.01,68,0,47,45,Audiovisual communications technologies/technicians,Communications audiovisuelles - technologue/technicien,10.02,68,0,48,45,Graphic communications,Communications graphiques,10.03,68,0,49,45,Communications technologies/technicians and support services, other,Technologie des communications/technicien en communications et services de soutien technique connexes (autres),10.99,68,0,50,1,Computer and information sciences and support services,Informatique, sciences de l'information et services de soutien connexes,11,68,0,51,50,Computer and information sciences and support services, general,Informatique, sciences de l'information et services de soutien connexes (général),11.01,68,0,52,50,Computer programming,Programmation informatique,11.02,68,0,53,50,Data processing and data processing technology/technician,Traitement des données - technologue/technicien,11.03,68,0,54,50,Information science/studies,Sciences de l'information/études sur l'information,11.04,68,0,55,50,Computer systems analysis/analyst,Analyse de systèmes informatiques/analyste de systèmes informatiques,11.05,68,0,56,50,Data entry/microcomputer applications,Entrée des données/applications micro-informatiques,11.06,68,0,57,50,Computer science,Informatique,11.07,68,0,58,50,Computer software and media applications,Applications liées aux logiciels et aux supports informatiques,11.08,68,0,59,50,Computer systems networking and telecommunications,Réseautage de systèmes informatiques et télécommunications,11.09,68,0,60,50,Computer/information technology administration and management,Technologie informatique/technologie de l'information - administration et gestion,11.10,68,0,61,50,Computer and information sciences and support services, other,Informatique, sciences de l'information et services de soutien connexes (autres),11.99,68,0,62,1,Personal and culinary services (except cannabis),Services personnels et culinaires (sauf cannabis),12.c,68,0,63,62,Funeral service and mortuary science,Services de pompes funèbres et science mortuaire,12.03,68,0,64,62,Cosmetology and related personal grooming services,Services de soins de beauté et de soins personnels connexes,12.04,68,0,65,62,Culinary arts and related services (except cannabis),Arts culinaires et services connexes (sauf cannabis),12.05c,68,0,66,62,Personal and culinary services, other,Services personnels et culinaires (autres),12.99,68,0,67,1,Education,Éducation,13,68,0,68,67,Education, general,Éducation (général),13.01,68,0,69,67,Bilingual, multilingual and multicultural education,Éducation bilingue, multilingue et multiculturelle,13.02,68,0,70,67,Curriculum and instruction,Programme d'études et enseignement,13.03,68,0,71,67,Educational administration and supervision,Éducation - administration et supervision,13.04,68,0,72,67,Educational/instructional media design,Conception de médias didactiques/pédagogiques,13.05,68,0,73,67,Educational assessment, evaluation and research,Évaluation et recherche dans le domaine de l'éducation,13.06,68,0,74,67,International and comparative education,Éducation comparée et internationale,13.07,68,0,75,67,Social and philosophical foundations of education,Fondements sociaux et philosophiques de l'éducation,13.09,68,0,76,67,Special education and teaching,Éducation spécialisée et enseignement spécial,13.10,68,0,77,67,Student counselling and personnel services,Services de counseling aux étudiants et services du personnel,13.11,68,0,78,67,Teacher education and professional development, specific levels and methods,Formation et perfectionnement professionnel des enseignants, niveaux spécifiques et méthodes spécifiques,13.12,68,0,79,67,Teacher education and professional development, specific subject areas,Formation et perfectionnement professionnel des enseignants, matières spécifiques,13.13,68,0,80,67,Teaching English or French as a second or foreign language,Enseignement de l'anglais ou du français comme langue seconde ou langue étrangère,13.14,68,0,81,67,Teaching assistants/aides,Aides-enseignants/adjoints à l'enseignement,13.15,68,0,82,67,Education, other,Éducation (autres),13.99,68,0,83,1,Engineering,Génie,14,68,0,84,83,Engineering, general,Génie (général),14.01,68,0,85,83,Aerospace, aeronautical and astronautical/space engineering,Génie aérospatial, génie aéronautique et génie astronautique/spatial,14.02,68,0,86,83,Agricultural engineering,Génie agricole,14.03,68,0,87,83,Architectural engineering,Génie architectural,14.04,68,0,88,83,Bioengineering and biomedical engineering,Bio-ingénierie et génie biomédical,14.05,68,0,89,83,Ceramic sciences and engineering,Sciences et génie de la céramique,14.06,68,0,90,83,Chemical engineering,Génie chimique,14.07,68,0,91,83,Civil engineering,Génie civil,14.08,68,0,92,83,Computer engineering,Génie informatique,14.09,68,0,93,83,Electrical, electronics and communications engineering,Génie électrique, génie électronique et génie des communications,14.10,68,0,94,83,Engineering mechanics,Génie de la mécanique appliquée,14.11,68,0,95,83,Engineering physics/applied physics,Génie physique/physique appliquée,14.12,68,0,96,83,Engineering science,Science de l'ingénierie,14.13,68,0,97,83,Environmental/environmental health engineering,Génie de l'environnement et de l'hygiène du milieu,14.14,68,0,98,83,Materials engineering,Génie des matériaux,14.18,68,0,99,83,Mechanical engineering,Génie mécanique,14.19,68,0,100,83,Metallurgical engineering,Génie métallurgique,14.20,68,0,101,83,Mining and mineral engineering,Génie minier,14.21,68,0,102,83,Naval architecture and marine engineering,Architecture navale et génie maritime,14.22,68,0,103,83,Nuclear engineering,Génie nucléaire,14.23,68,0,104,83,Ocean engineering,Génie océanique,14.24,68,0,105,83,Petroleum engineering,Génie pétrolier,14.25,68,0,106,83,Systems engineering,Génie des systèmes,14.27,68,0,107,83,Textile sciences and engineering,Sciences et génie des textiles,14.28,68,0,108,83,Polymer/plastics engineering,Génie de la plasturgie/génie des polymères,14.32,68,0,109,83,Construction engineering,Génie de la construction,14.33,68,0,110,83,Forest engineering,Génie forestier,14.34,68,0,111,83,Industrial engineering,Génie industriel,14.35,68,0,112,83,Manufacturing engineering,Génie manufacturier,14.36,68,0,113,83,Operations research,Recherche opérationnelle,14.37,68,0,114,83,Surveying engineering,Génie de l'arpentage,14.38,68,0,115,83,Geological/geophysical engineering,Génie géologique/géophysique,14.39,68,0,116,83,Paper science and engineering,Sciences du papier et génie papetier,14.40,68,0,117,83,Electromechanical engineering,Génie électromécanique,14.41,68,0,118,83,Mechatronics, robotics, and automation engineering,Mécatronique, robotique et génie de l'automatisation,14.42,68,0,119,83,Biochemical engineering,Génie biochimique,14.43,68,0,120,83,Engineering chemistry,Chimie appliquée,14.44,68,0,121,83,Biological/biosystems engineering,Génie biologique/génie des biosystèmes,14.45,68,0,122,83,Engineering, other,Génie (autres),14.99,68,0,123,1,Engineering technologies and engineering-related fields,Techniques/technologies du génie et domaines liés au génie,15,68,0,124,123,Engineering technology, general,Techniques/technologie du génie (général),15.00,68,0,125,123,Architectural engineering technology/technician,Génie architectural - technologue/technicien,15.01,68,0,126,123,Civil engineering technology/technician,Génie civil - technologue/technicien,15.02,68,0,127,123,Electrical and electronic engineering technologies/technicians,Génie électrique et génie électronique - technologue/technicien,15.03,68,0,128,123,Electromechanical and instrumentation and maintenance technologies/technicians,Utilisation et entretien d'instruments et d'appareils électromécaniques - technologue/technicien,15.04,68,0,129,123,Environmental control technologies/technicians,Contrôle de l'environnement - technologue/technicien,15.05,68,0,130,123,Industrial production technologies/technicians,Production industrielle - technologue/technicien,15.06,68,0,131,123,Quality control and safety technologies/technicians,Contrôle de la qualité et sécurité - technologue/technicien,15.07,68,0,132,123,Mechanical engineering related technologies/technicians,Technologie et techniques liées au génie mécanique,15.08,68,0,133,123,Mining and petroleum technologies/technicians,Exploitation minière et exploitation pétrolière - technologue/technicien,15.09,68,0,134,123,Construction engineering technology/technician,Génie construction - technologue/technicien,15.10,68,0,135,123,Engineering-related technologies,Technologies liées au génie,15.11,68,0,136,123,Computer engineering technologies/technicians,Génie informatique - technologue/technicien,15.12,68,0,137,123,Drafting/design engineering technologies/technicians,Conception et dessin technique - technologue/technicien,15.13,68,0,138,123,Nuclear engineering technology/technician,Génie nucléaire - technologue/technicien,15.14,68,0,139,123,Engineering-related fields,Domaines liés au génie,15.15,68,0,140,123,Nanotechnology,Nanotechnologie,15.16,68,0,141,123,Engineering technologies and engineering-related fields, other,Techniques/technologies du génie et domaines liés au génie (autres),15.99,68,0,142,1,Aboriginal and foreign languages, literatures and linguistics,Linguistique, langues et littératures autochtones et étrangères,16,68,0,143,142,Linguistic, comparative and related language studies and services,Études linguistiques, études de linguistique comparée et études connexes,16.01,68,0,144,142,African languages, literatures and linguistics,Linguistique et langues et littératures africaines,16.02,68,0,145,142,East Asian languages, literatures and linguistics,Linguistique et langues et littératures est-asiatiques,16.03,68,0,146,142,Slavic, Baltic and Albanian languages, literatures and linguistics,Linguistique et langues et littératures slaves, baltes et albanaises,16.04,68,0,147,142,Germanic languages, literatures and linguistics,Linguistique et langues et littératures germaniques,16.05,68,0,148,142,Modern Greek language and literature,Langue et littérature grecques modernes,16.06,68,0,149,142,South Asian languages, literatures and linguistics,Linguistique et langues et littératures sud-asiatiques,16.07,68,0,150,142,Iranian languages, literatures and linguistics,Linguistique et langues et littératures iraniennes,16.08,68,0,151,142,Romance languages, literatures and linguistics,Linguistique et langues et littératures romanes,16.09,68,0,152,142,Aboriginal languages, literatures and linguistics,Linguistique et langues et littératures autochtones,16.10,68,0,153,142,Middle/Near Eastern and Semitic languages, literatures and linguistics,Linguistique et langues et littératures sémitiques, proche-orientales et moyen-orientales,16.11,68,0,154,142,Classics and classical languages, literatures and linguistics,Linguistique et langues et littératures classiques,16.12,68,0,155,142,Celtic languages, literatures and linguistics,Linguistique et langues et littératures celtiques,16.13,68,0,156,142,Southeast Asian and Australasian/Pacific languages, literatures and linguistics,Linguistique et langues et littératures de l'Asie du Sud-Est et de l'Australasie/du Pacifique,16.14,68,0,157,142,Turkic, Uralic-Altaic, Caucasian and Central Asian languages, literatures and linguistics,Linguistique et langues et littératures turques, ouraliques-altaïques, caucasiennes et centrasiatiques,16.15,68,0,158,142,Sign language,Langage gestuel,16.16,68,0,159,142,Second language learning,Apprentissage des langues secondes,16.17,68,0,160,142,Aboriginal and foreign languages, literatures and linguistics, other,Linguistique, langues et littératures autochtones et étrangères (autres),16.99,68,0,161,1,Family and consumer sciences/human sciences,Sciences de la famille et de la consommation/sciences humaines,19,68,0,162,161,Work and family studies,Études de la famille et du travail,19.00,68,0,163,161,Family and consumer sciences/human sciences, general,Sciences de la famille et de la consommation/sciences humaines (général),19.01,68,0,164,161,Family and consumer sciences/human sciences business services,Sciences de la famille et de la consommation/sciences humaines et services commerciaux,19.02,68,0,165,161,Family and consumer economics and related services,Économie domestique et études connexes,19.04,68,0,166,161,Foods, nutrition and related services,Alimentation, nutrition et services connexes,19.05,68,0,167,161,Housing and human environments,Logement et environnements humains,19.06,68,0,168,161,Human development, family studies and related services,Études du développement humain et de la famille et services connexes,19.07,68,0,169,161,Apparel and textiles,Vêtements et textiles,19.09,68,0,170,161,Family and consumer sciences/human sciences, other,Sciences de la famille et de la consommation/sciences humaines (autres),19.99,68,0,171,1,Pre-technology education/pre-industrial arts programs,Programmes préparatoires aux études en technologie/arts industriels,21,68,0,172,171,Pre-technology education/pre-industrial arts programs,Programmes préparatoires aux études en technologie/arts industriels,21.01,68,0,173,1,Legal professions and studies,Droit, professions connexes et études du droit,22,68,0,174,173,Non-professional general legal studies (undergraduate),Études générales du droit pour les non-juristes (premier cycle),22.00,68,0,175,173,Law (LLB, JD, BCL),Droit (LL.B., J.D., B.C.L.),22.01,68,0,176,173,Legal research and advanced professional studies (post-LLB/JD),Recherche juridique et études du droit avancées (post-LL.B./J.D.),22.02,68,0,177,173,Legal support services,Services de soutien juridique,22.03,68,0,178,173,Legal professions and studies, other,Droit, professions connexes et études du droit (autres),22.99,68,0,179,1,English language and literature/letters,Langue et littérature/lettres anglaises,23,68,0,180,179,English language and literature, general,Langue et littérature anglaises (général),23.01,68,0,181,179,English rhetoric and composition/writing studies,Rhétorique et composition/rédaction en anglais,23.13,68,0,182,179,English literature,Littérature anglaise,23.14,68,0,183,179,English language and literature/letters, other,Langue et littérature/lettres anglaises (autres),23.99,68,0,184,1,Liberal arts and sciences, general studies and humanities,Arts libéraux et sciences, études générales et lettres et sciences humaines,24,68,0,185,184,Liberal arts and sciences, general studies and humanities,Arts libéraux et sciences, études générales et lettres et sciences humaines,24.01,68,0,186,1,Library science,Bibliothéconomie,25,68,0,187,186,Library science and administration,Bibliothéconomie et administration de bibliothèques,25.01,68,0,188,186,Library and archives assisting,Assistance dans les bibliothèques et les services d'archives,25.03,68,0,189,186,Library science, other,Bibliothéconomie (autres),25.99,68,0,190,1,Biological and biomedical sciences,Sciences biologiques et biomédicales,26,68,0,191,190,Biology, general,Biologie (général),26.01,68,0,192,190,Biochemistry/biophysics and molecular biology,Biochimie, biophysique et biologie moléculaire,26.02,68,0,193,190,Botany/plant biology,Botanique/biologie végétale,26.03,68,0,194,190,Cell/cellular biology and anatomical sciences,Biologie cellulaire et sciences anatomiques,26.04,68,0,195,190,Microbiological sciences and immunology,Sciences microbiologiques et immunologie,26.05,68,0,196,190,Zoology/animal biology,Zoologie/biologie animale,26.07,68,0,197,190,Genetics,Génétique,26.08,68,0,198,190,Physiology, pathology and related sciences,Physiologie, pathologie et sciences connexes,26.09,68,0,199,190,Pharmacology and toxicology,Pharmacologie et toxicologie,26.10,68,0,200,190,Biomathematics, bioinformatics, and computational biology,Biomathématique, bioinformatique et biologie computationnelle,26.11,68,0,201,190,Biotechnology,Biotechnologie,26.12,68,0,202,190,Ecology, evolution, systematics and population biology,Écologie, évolution, systématique et biologie des populations,26.13,68,0,203,190,Molecular medicine,Médecine moléculaire,26.14,68,0,204,190,Neurobiology and neurosciences,Neurobiologie et neurosciences,26.15,68,0,205,190,Biological and biomedical sciences, other,Sciences biologiques et biomédicales (autres),26.99,68,0,206,1,Mathematics and statistics,Mathématiques et statistique,27,68,0,207,206,Mathematics,Mathématiques,27.01,68,0,208,206,Applied mathematics,Mathématiques appliquées,27.03,68,0,209,206,Statistics,Statistique,27.05,68,0,210,206,Mathematics and statistics, other,Mathématiques et statistique (autres),27.99,68,0,211,1,Military science, leadership and operational art,Science militaire, leadership et art opérationnel,28,68,0,212,211,Military science, leadership and operational art,Science militaire, leadership et art opérationnel,28.08,68,0,213,1,Military technologies and applied sciences,Technologies militaires et sciences appliquées,29,68,0,214,213,Military technologies and applied sciences,Technologies et sciences appliquées militaires,29.05,68,0,215,1,Multidisciplinary/interdisciplinary studies,Études multidisciplinaires/interdisciplinaires,30,68,0,216,215,Biological and physical sciences,Sciences biologiques et sciences physiques,30.01,68,0,217,215,Peace studies and conflict resolution,Études de la paix et résolution de conflits,30.05,68,0,218,215,Systems science and theory,Théorie et science des systèmes,30.06,68,0,219,215,Mathematics and computer science,Mathématiques et informatique,30.08,68,0,220,215,Biopsychology,Biopsychologie,30.10,68,0,221,215,Gerontology,Gérontologie,30.11,68,0,222,215,Historic preservation and conservation,Préservation historique et conservation,30.12,68,0,223,215,Medieval and renaissance studies,Études médiévales et de la Renaissance,30.13,68,0,224,215,Museology/museum studies,Muséologie/techniques de muséologie,30.14,68,0,225,215,Science, technology and society,Science, technologie et société,30.15,68,0,226,215,Accounting and computer science,Comptabilité et informatique,30.16,68,0,227,215,Behavioural sciences,Sciences du comportement,30.17,68,0,228,215,Natural sciences,Sciences naturelles,30.18,68,0,229,215,Nutrition sciences,Sciences de la nutrition,30.19,68,0,230,215,International/global studies,Études internationales/mondiales,30.20,68,0,231,215,Holocaust and related studies,Holocauste et études connexes,30.21,68,0,232,215,Classical and ancient studies,Études classiques et anciennes,30.22,68,0,233,215,Intercultural/multicultural and diversity studies,Études interculturelles/multiculturelles et de la diversité,30.23,68,0,234,215,Cognitive science,Sciences cognitives,30.25,68,0,235,215,Cultural studies/critical theory and analysis,Études culturelles/théorie et analyse critique,30.26,68,0,236,215,Human biology,Biologie humaine,30.27,68,0,237,215,Dispute resolution,Résolution des différends,30.28,68,0,238,215,Maritime studies,Études maritimes,30.29,68,0,239,215,Computational science,Science computationnelle,30.30,68,0,240,215,Human computer interaction,Interaction homme-ordinateur,30.31,68,0,241,215,Marine sciences,Sciences de la mer,30.32,68,0,242,215,Sustainability studies,Études en durabilité,30.33,68,0,243,215,Multidisciplinary/interdisciplinary studies, other,Études multidisciplinaires/interdisciplinaires (autres),30.99,68,0,244,1,Parks, recreation, leisure and fitness studies,Études des parcs, de la récréologie, des loisirs et du conditionnement physique,31,68,0,245,244,Parks, recreation and leisure studies,Études des parcs, de la récréologie et des loisirs,31.01,68,0,246,244,Parks, recreation and leisure facilities management,Gestion d'installations - parcs, récréologie et loisirs,31.03,68,0,247,244,Health and physical education/fitness,Santé et éducation physique/conditionnement physique,31.05,68,0,248,244,Outdoor education,Enseignement du plein air,31.06,68,0,249,244,Parks, recreation, leisure and fitness studies, other,Études des parcs, de la récréologie, des loisirs et du conditionnement physique (autres),31.99,68,0,250,1,Basic skills (not for credit),Compétences de base (sans crédit),32,68,0,251,250,Basic skills (not for credit),Compétences de base (sans crédit),32.01,68,0,252,1,Citizenship activities (not for credit),Éducation civique (sans crédit),33,68,0,253,252,Citizenship activities (not for credit),Éducation civique (sans crédit),33.01,68,0,254,1,Health-related knowledge and skills (not for credit),Connaissances et compétences relatives à la santé (sans crédit),34,68,0,255,254,Health-related knowledge and skills (not for credit),Connaissances et compétences relatives à la santé (sans crédit),34.01,68,0,256,1,Interpersonal and social skills (not for credit),Compétences interpersonnelles et sociales (sans crédit),35,68,0,257,256,Interpersonal and social skills (not for credit),Compétences interpersonnelles et sociales (sans crédit),35.01,68,0,258,1,Leisure and recreational activities (not for credit),Activités de loisirs et récréatives (sans crédit),36,68,0,259,258,Leisure and recreational activities (not for credit),Activités de loisirs et de sports (sans crédit),36.01,68,0,260,1,Personal awareness and self-improvement (not for credit),Connaissance de soi et progression personnelle (sans crédit),37,68,0,261,260,Personal awareness and self-improvement (not for credit),Connaissance de soi et progression personnelle (sans crédit),37.01,68,0,262,1,Philosophy and religious studies,Philosophie et études religieuses,38,68,0,263,262,Philosophy and religious studies, general,Philosophie et études religieuses (général),38.00,68,0,264,262,Philosophy, logic and ethics,Philosophie, logique et éthique,38.01,68,0,265,262,Religion/religious studies,Religion/études religieuses,38.02,68,0,266,262,Philosophy and religious studies, other,Philosophie et études religieuses (autres),38.99,68,0,267,1,Theology and religious vocations,Théologie et vocations religieuses,39,68,0,268,267,Bible/Biblical studies,Bible/études bibliques,39.02,68,0,269,267,Missions/missionary studies and missiology,Études missionnaires et missiologie,39.03,68,0,270,267,Religious education,Éducation religieuse,39.04,68,0,271,267,Religious/sacred music,Musique religieuse/sacrée,39.05,68,0,272,267,Theological and ministerial studies,Études théologiques et ecclésiastiques,39.06,68,0,273,267,Pastoral counselling and specialized ministries,Counseling pastoral et cultes spécialisés,39.07,68,0,274,267,Theology and religious vocations, other,Théologie et vocations religieuses (autres),39.99,68,0,275,1,Physical sciences,Sciences physiques,40,68,0,276,275,Physical sciences, general,Sciences physiques (général),40.01,68,0,277,275,Astronomy and astrophysics,Astronomie et astrophysique,40.02,68,0,278,275,Atmospheric sciences and meteorology,Sciences atmosphériques et météorologie,40.04,68,0,279,275,Chemistry,Chimie,40.05,68,0,280,275,Geological and Earth sciences/geosciences,Sciences géologiques et de la Terre/géosciences,40.06,68,0,281,275,Physics,Physique,40.08,68,0,282,275,Materials sciences,Sciences des matériaux,40.10,68,0,283,275,Physical sciences, other,Sciences physiques (autres),40.99,68,0,284,1,Science technologies/technicians,Technologue/technicien en sciences,41,68,0,285,284,Science technologies/technicians, general,Technologue/technicien en sciences (général),41.00,68,0,286,284,Biology technician/biotechnology laboratory technician,Technicien en biologie/technicien de laboratoire en biotechnologie,41.01,68,0,287,284,Nuclear and industrial radiologic technologies/technicians,Technologue/technicien en radiologie nucléaire et industrielle,41.02,68,0,288,284,Physical science technologies/technicians,Technologue/technicien en science physique,41.03,68,0,289,284,Science technologies/technicians, other,Technologue/technicien en sciences (autres),41.99,68,0,290,1,Psychology,Psychologie,42,68,0,291,290,Psychology, general,Psychologie (général),42.01,68,0,292,290,Research and experimental psychology,Recherche en psychologie et psychologie expérimentale,42.27,68,0,293,290,Clinical, counselling and applied psychology,Psychologie clinique, du counseling et appliquée,42.28,68,0,294,290,Psychology, other,Psychologie (autres),42.99,68,0,295,1,Security and protective services,Sécurité et services de protection,43,68,0,296,295,Criminal justice and corrections,Justice pénale et services correctionnels,43.01,68,0,297,295,Fire protection,Protection contre les incendies,43.02,68,0,298,295,Security and protective services, specialized programs,Services de sécurité et de protection, programmes spécialisés,43.03,68,0,299,295,Security and protective services, other,Sécurité et services de protection (autres),43.99,68,0,300,1,Public administration and social service professions (except cannabis),Administration publique et professions en services sociaux (sauf cannabis),44,68,0,301,300,Human services, general,Services humains (général),44.00,68,0,302,300,Community organization and advocacy,Organisation et défense communautaires,44.02,68,0,303,300,Public administration,Administration publique,44.04,68,0,304,300,Public policy analysis (except cannabis),Analyse des politiques publiques (sauf cannabis),44.05,68,0,305,300,Social work,Travail social,44.07,68,0,306,300,Public administration and social service professions, other,Administration publique et professions en services sociaux (autres),44.99,68,0,307,1,Social sciences,Sciences sociales,45,68,0,308,307,Social sciences, general,Sciences sociales (général),45.01,68,0,309,307,Anthropology,Anthropologie,45.02,68,0,310,307,Archaeology,Archéologie,45.03,68,0,311,307,Criminology,Criminologie,45.04,68,0,312,307,Demography and population studies,Démographie et études de la population,45.05,68,0,313,307,Economics,Économie,45.06,68,0,314,307,Geography and cartography,Géographie et cartographie,45.07,68,0,315,307,International relations and national security studies,Relations internationales et études de sécurité nationale,45.09,68,0,316,307,Political science and government,Science politique et gouvernement,45.10,68,0,317,307,Sociology,Sociologie,45.11,68,0,318,307,Urban studies/affairs,Études/affaires urbaines,45.12,68,0,319,307,Sociology and anthropology,Sociologie et anthropologie,45.13,68,0,320,307,Rural sociology,Sociologie rurale,45.14,68,0,321,307,Social sciences, other,Sciences sociales (autres),45.99,68,0,322,1,Construction trades,Métiers de la construction,46,68,0,323,322,Construction trades, general,Métiers de la construction (général),46.00,68,0,324,322,Masonry/mason,Maçonnerie/maçon,46.01,68,0,325,322,Carpentry/carpenter,Charpenterie/charpentier,46.02,68,0,326,322,Electrical and power transmission installers,Installation/installateur de systèmes de transmission d'énergie et d'électricité,46.03,68,0,327,322,Building/construction finishing, management and inspection,Bâtiment/construction - finition, gestion et inspection,46.04,68,0,328,322,Plumbing and related water supply services,Plomberie et services d'approvisionnement en eau connexes,46.05,68,0,329,322,Construction trades, other,Métiers de la construction (autres),46.99,68,0,330,1,Mechanic and repair technologies/technicians,Technologue et technicien, mécanique et réparation,47,68,0,331,330,Mechanics and repairers, general,Mécaniciens et réparateurs (général),47.00,68,0,332,330,Electrical/electronics maintenance and repair technology,Entretien et réparation d'équipement électrique ou électronique,47.01,68,0,333,330,Heating, air conditioning, ventilation and refrigeration maintenance technology/technician,Entretien de systèmes de chauffage, de climatisation, de ventilation et de réfrigération - technologue/technicien,47.02,68,0,334,330,Heavy/industrial equipment maintenance technologies,Entretien et réparation d'équipement lourd/industriel - technologue/technicien,47.03,68,0,335,330,Precision systems maintenance and repair technologies,Entretien et réparation de systèmes de précision - technologue/technicien,47.04,68,0,336,330,Stationary energy sources installer and operator,Installateur et opérateur de machines fixes,47.05,68,0,337,330,Vehicle maintenance and repair technologies,Entretien et réparation de véhicules,47.06,68,0,338,330,Mechanic and repair technologies/technicians, other,Technologue et technicien, mécanique et réparation (autres),47.99,68,0,339,1,Precision production,Travail de précision,48,68,0,340,339,Precision production trades, general,Travail de précision (général),48.00,68,0,341,339,Leatherworking and upholstery,Travail du cuir et rembourrage,48.03,68,0,342,339,Precision metal working,Travail de précision des métaux,48.05,68,0,343,339,Woodworking,Travail du bois,48.07,68,0,344,339,Boilermaking/boilermaker,Chaudronnerie/chaudronnier,48.08,68,0,345,339,Precision production, other,Travail de précision (autres),48.99,68,0,346,1,Transportation and materials moving,Transport de personnes et de matériel,49,68,0,347,346,Air transportation,Transport aérien,49.01,68,0,348,346,Ground transportation,Transport terrestre,49.02,68,0,349,346,Marine transportation,Transport maritime,49.03,68,0,350,346,Transportation and materials moving, other,Transport de personnes et de matériel (autres),49.99,68,0,351,1,Visual and performing arts,Arts visuels et arts d'interprétation,50,68,0,352,351,Visual, digital and performing arts, general,Arts visuels, numériques et d'interprétation (général),50.01,68,0,353,351,Crafts/craft design, folk art and artisanry,Artisanat et arts populaires,50.02,68,0,354,351,Dance,Danse,50.03,68,0,355,351,Design and applied arts,Design et arts appliqués,50.04,68,0,356,351,Drama/theatre arts and stagecraft,Art dramatique/arts de la scène/théâtre,50.05,68,0,357,351,Film/video and photographic arts,Arts de la cinématographie, de la vidéographie et de la photographie,50.06,68,0,358,351,Fine arts and art studies,Beaux-arts et arts plastiques,50.07,68,0,359,351,Music,Musique,50.09,68,0,360,351,Arts, entertainment, and media management,Gestion des arts, divertissements et médias,50.10,68,0,361,351,Visual and performing arts, other,Arts visuels et arts d'interprétation (autres),50.99,68,0,362,1,Health professions and related programs (except cannabis),Professions dans le domaine de la santé et programmes connexes (sauf cannabis),51.c,68,0,363,362,Health services/allied health/health sciences, general,Services de santé/services paramédicaux/sciences de la santé (général),51.00,68,0,364,362,Chiropractic (DC),Chiropratique (D.C.),51.01,68,0,365,362,Communication disorders sciences and services,Troubles de la communication - sciences et services,51.02,68,0,366,362,Dentistry (DDS, DMD),Dentisterie (D.D.S., D.M.D.),51.04,68,0,367,362,Advanced/graduate dentistry and oral sciences (Cert., MS, MSc, PhD),Programme de cycle supérieur en dentisterie (Cert., M.S., M.Sc., Ph.D.),51.05,68,0,368,362,Dental support services and allied professions,Services dentaires de soutien et professions connexes,51.06,68,0,369,362,Health and medical administrative services,Services d'administration/de gestion de la santé et médicale,51.07,68,0,370,362,Allied health and medical assisting services,Services médicaux ou sanitaires de soutien,51.08,68,0,371,362,Allied health diagnostic, intervention and treatment professions,Services de diagnostic, d'intervention et de traitement connexes au domaine de la santé,51.09,68,0,372,362,Clinical/medical laboratory science/research and allied professions,Sciences/recherche de laboratoire médical/clinique et professions connexes,51.10,68,0,373,362,Health/medical preparatory programs,Programmes préparatoires aux études en médecine ou en sciences de la santé,51.11,68,0,374,362,Medicine (MD),Médecine (M.D.),51.12,68,0,375,362,Medical scientist (MS, MSc, PhD),Scientifique médical (M.S., M.Sc., Ph.D.),51.14,68,0,376,362,Mental and social health services and allied professions (except cannabis),Services en santé mentale et sociale et professions connexes (sauf cannabis),51.15c,68,0,377,362,Optometry (OD),Optométrie (O.D.),51.17,68,0,378,362,Ophthalmic and optometric support services and allied professions,Services ophtalmologiques et optométriques et professions connexes,51.18,68,0,379,362,Osteopathic medicine/osteopathy (DO),Ostéopathie (D.O.),51.19,68,0,380,362,Pharmacy, pharmaceutical sciences and administration,Pharmacie, sciences pharmaceutiques et administration,51.20,68,0,381,362,Podiatric medicine/podiatry (DPM),Podiatrie (D.P.M.),51.21,68,0,382,362,Public health (except cannabis),Santé publique (sauf cannabis),51.22c,68,0,383,362,Rehabilitation and therapeutic professions,Professions dans les domaines de la réadaptation et de la thérapeutique,51.23,68,0,384,362,Veterinary medicine (DVM),Médecine vétérinaire (D.M.V.),51.24,68,0,385,362,Veterinary biomedical and clinical sciences (Cert., MS, MSc, PhD),Sciences vétérinaires biomédicales et cliniques (Cert., M.S., M.Sc., Ph.D.),51.25,68,0,386,362,Health aides/attendants/orderlies,Aides en soins/préposés aux soins/préposés aux malades,51.26,68,0,387,362,Medical illustration and informatics,Illustration et informatique médicales,51.27,68,0,388,362,Dietetics and clinical nutrition services,Diététique et nutrition clinique,51.31,68,0,389,362,Bioethics/medical ethics,Bioéthique/éthique médicale,51.32,68,0,390,362,Alternative and complementary medicine and medical systems,Médecines alternatives et douces,51.33,68,0,391,362,Alternative and complementary medical support services,Services de soutien dans le domaine des médecines alternatives et douces,51.34,68,0,392,362,Somatic bodywork and related therapeutic services,Thérapies corporelles somatiques et services thérapeutiques connexes,51.35,68,0,393,362,Movement and mind-body therapies,Thérapies par le mouvement et thérapies psychocorporelles,51.36,68,0,394,362,Energy-based and biologically-based therapies,Thérapies fondées sur l'énergie et la biologie,51.37,68,0,395,362,Registered nursing, nursing administration, nursing research and clinical nursing,Infirmiers autorisés, administration en sciences infirmières, recherches en sciences infirmières et soins infirmiers cliniques,51.38,68,0,396,362,Practical nursing, vocational nursing and nursing assistants,Infirmier auxiliaire/auxiliaire autorisé et aide-infirmier,51.39,68,0,397,362,Health professions and related clinical sciences, other (except cannabis),Professions dans le domaine de la santé et sciences cliniques connexes (autres) (sauf cannabis),51.99c,68,0,398,1,Business, management, marketing and related support services (except cannabis),Commerce, gestion, marketing et services de soutien connexes (sauf cannabis),52.c,68,0,399,398,Business/commerce, general,Commerce (général),52.01,68,0,400,398,Business administration, management and operations,Administration/gestion commerciale,52.02,68,0,401,398,Accounting and related services,Comptabilité et services connexes,52.03,68,0,402,398,Business operations support and assistant services,Services de soutien administratifs,52.04,68,0,403,398,Business/corporate communications,Communications d'entreprise,52.05,68,0,404,398,Business/managerial economics,Économie d'entreprise,52.06,68,0,405,398,Entrepreneurial and small business operations,Entrepreneuriat et exploitation de petites entreprises,52.07,68,0,406,398,Finance and financial management services,Finance et services de gestion financière,52.08,68,0,407,398,Hospitality administration/management,Gestion touristique,52.09,68,0,408,398,Human resources management and services,Gestion des ressources humaines et services en ressources humaines,52.10,68,0,409,398,International business/trade/commerce,Commerce international,52.11,68,0,410,398,Management information systems and services,Systèmes et services d'information de gestion,52.12,68,0,411,398,Management sciences and quantitative methods,Science de la gestion et méthodes quantitatives,52.13,68,0,412,398,Marketing,Marketing,52.14,68,0,413,398,Real estate,Immobilier,52.15,68,0,414,398,Taxation,Fiscalité,52.16,68,0,415,398,Insurance,Assurance,52.17,68,0,416,398,General sales, merchandising and related marketing operations (except cannabis),Vente générale, marchandisage et activités de marketing connexes (sauf cannabis),52.18c,68,0,417,398,Specialized sales, merchandising and marketing operations (except cannabis),Vente spécialisée, marchandisage et marketing (sauf cannabis),52.19c,68,0,418,398,Construction management,Gestion de construction,52.20,68,0,419,398,Telecommunications management,Gestion des télécommunications,52.21,68,0,420,398,Business, management, marketing and related support services, other,Commerce, gestion, marketing et services de soutien connexes (autres),52.99,68,0,421,1,High school/secondary diploma and certificate programs,Programmes menant à l'obtention d'un certificat ou d'un diplôme d'études secondaires,53,68,0,422,421,High school/secondary diploma programs,Programmes menant à l'obtention d'un diplôme d'études secondaires,53.01,68,0,423,421,High school/secondary certificate programs,Programmes menant à l'obtention d'un certificat d'études secondaires,53.02,68,0,424,1,History,Histoire,54,68,0,425,424,History,Histoire,54.01,68,0,426,1,French language and literature/letters,Langue et littérature/lettres françaises,55,68,0,427,426,French language and literature, general,Langue et littérature françaises (général),55.01,68,0,428,426,French rhetoric and composition/writing studies,Rhétorique et composition/rédaction en français,55.13,68,0,429,426,French literature,Littérature française,55.14,68,0,430,426,French language and literature/letters, other,Langue et littérature/lettres françaises (autres),55.99,68,0,431,1,Dental, medical and veterinary residency programs,Programmes de résidence en médecine, en médecine dentaire et en médecine vétérinaire,60,68,0,432,431,Dental residency programs,Programmes de résidence en médecine dentaire,60.01,68,0,433,431,Veterinary residency programs,Programmes de résidence en médecine vétérinaire,60.03,68,0,434,431,Medical residency programs - general certificates,Programmes de résidence en médecine - certificats généraux,60.04,68,0,435,431,Medical residency programs - subspecialty certificates,Programmes de résidence en médecine - certificats en sous-spécialité,60.05,68,0,436,431,Podiatric medicine residency programs,Programmes de résidence en médecine podiatrique,60.06,68,0,437,431,Dental, medical and veterinary residency programs, other,Programmes de résidence en médecine, en médecine dentaire et en médecine vétérinaire (autres),60.99,68,0,438,1,Cannabis-related instructional programs,Programmes d'enseignement liés au cannabis,71,68,0,439,438,Cannabis-related instructional programs,Programmes d'enseignement liés au cannabis,71.01,68,0,440,1,Unclassified,Non classé,0,3,Program type,Type de programme,FALSE,1,Total, program type,Total, type de programme,0,2,1,Basic education and skills program,Programme d'éducation et d'acquisition de compétences de base,0,3,1,Qualifying program for career, technical or pre-university,Programme préparatoire à la formation technique ou préuniversitaire,0,4,1,Career, technical or professional training program,Programme de formation technique ou professionnelle,0,5,1,Post career, technical or professional training program,Programme de postformation technique ou professionnelle,0,6,1,Pre-university program,Programme préuniversitaire,0,7,1,Undergraduate qualifying program,Programme préparatoire au premier cycle,0,8,1,Undergraduate program,Programme de premier cycle,0,9,1,Post-baccalaureate non-graduate program,Programme postérieur au baccalauréat, excluant les études supérieures,0,10,1,Graduate qualifying program (second cycle),Programme préparatoire aux études supérieures (deuxième cycle),0,11,1,Graduate qualifying program (third cycle),Programme préparatoire aux études supérieures (troisième cycle),0,12,1,Health-related residency program,Programme de résidence dans le domaine de la santé,0,13,1,Graduate program (second cycle),Programme d'études supérieures (deuxième cycle),0,14,1,Graduate program (third cycle),Programme d'études supérieures (troisième cycle),0,15,1,Graduate program (above the third cycle),Programme d'études supérieures (post-troisième cycle),0,16,1,Other programs,Autres programmes,0,17,1,Non-program (non-credit),Hors programme (sans crédit),0,18,1,Non-program (credit, undergraduate),Hors programme (à crédit – premier cycle),0,19,1,Non-program (credit, graduate),Hors programme (à crédit – études supérieures),0,20,1,Non-program (credit, other postsecondary),Hors programme (à crédit – autre postsecondaire),0,4,Credential type,Genre de sanction d'études,FALSE,1,Total, credential type,Total, genre de sanction d'étude,0,2,1,General Equivalency Diploma/high school diploma,Diplôme d'équivalences secondaires/Diplôme d'études secondaires,0,3,1,Certificate,Certificat,0,4,1,Diploma,Diplôme,0,5,1,Degree (includes applied degree),Grade (y compris un grade appliqué),0,6,1,Attestation and other short program credentials,Attestation et autres sanctions d'études de programmes courts,0,7,1,Associate degree,Grade associé,0,8,1,Other type of credential associated with a program,Autre genre de sanction d'études associée à un programme,0,9,1,Not applicable, credential type,Sans objet, genre de sanction d'études,0,5,Institution type,Type d'établissement,FALSE,1,Total, institution type,Total, type d'établissement,0,2,1,University,Université,0,3,1,College,Collège,0,6,Status of student in Canada,Statut de l'étudiant au Canada,FALSE,1,Total, status of student in Canada,Total, statut de l'étudiant au Canada,0,2,1,Canadian students,Étudiants canadiens,0,3,1,International students,Étudiants internationaux,0,4,1,Not reported, status of student in Canada,Non déclaré, statut de l'étudiant au Canada,0,7,Gender,Genre de la personne,TRUE,1,Total, gender,Total, genre de la personne,0,223,2,1,Man,Homme,0,223,3,1,Woman,Femme,0,223,4,1,Gender unknown,Genre inconnu,0,223",2023-11-22T13:30:00Z
